days_since_last_checkin,notification_open_rate_trend,session_length_trend,jitai_response_rate,app_open_frequency_7d_trend,will_drop_out_in_7d
1.870188543927247,0.486352494451476,0.5934833151373428,0.4683441277286082,0.6117171149221569,0
2.1538878827212957,0.6487309695286302,0.4844116159465282,0.7502702409470465,0.30581037585202525,0
6.572169012343857,0.5695352197097664,0.3953980432289067,0.5561275435647357,0.6595596240739989,0
5.762077996191315,0.6606080171704718,0.580375521922788,0.8637029858672924,0.4989315499193401,0
1.732348271342337,0.5800787572952416,0.16745869658715623,0.6406191147013256,0.6756964522718933,0
1.681318465276801,0.3869248743367758,0.33675301362015503,1.0,0.8428945936374488,0
4.6343500575079375,0.5446957481501881,0.3736250697544565,0.509233259014059,0.3861214181425813,0
3.2086685968481876,0.26896203063928503,0.0,0.18276913408245166,0.4566212853086541,0
4.835547080504157,0.647461047408999,0.7643859730423594,0.33017930439700305,0.6266909263694157,0
3.928476564740658,0.8899914749152762,0.7643086304469772,0.5976588978162561,0.7570883277688464,0
6.543001072712568,0.3820556315638448,0.4301214709111956,0.019026068922548323,0.4343338952302326,0
11.998186241696512,0.3364934171491455,0.588304192773193,0.6103095344138371,0.6646849639310665,0
5.7630756235889145,0.5215706926118908,0.617737463584338,0.8073643703995894,0.7419093836062591,0
6.519611191694598,0.2859533585958716,0.9162917531708707,0.8448600301803217,0.446781356536965,0
6.496732834257551,0.8731165647096464,0.9282775699100678,0.4344759953371505,0.5398865982582282,0
0.5271304546737136,0.6139303651837955,0.6880473600760546,0.0,0.38906705114280743,0
2.5676646447989655,0.4998333967089906,0.67833748743093,0.856156771806583,0.42166124610998346,0
2.5738147442216905,0.5803515984497482,0.3321839767704391,0.5110446314177244,0.5583296213019691,0
4.807207364205685,0.05134583593398451,0.629689824571576,0.3429006363015878,0.3297663130554248,0
3.472875647235476,0.48149015982844706,0.5840927541993142,0.30931685867884695,0.5045455184668698,0
1.5216183163321588,0.27229148923375784,0.22994577909925806,0.2456793269448802,0.5850817514969084,0
2.642432228146175,0.39324929577511436,0.7814692623447135,0.8716493423494062,0.513583806702268,0
11.156586779960469,0.3054209960888873,0.25217071642017436,0.573531066947319,0.3918185331100912,1
3.3094078427604816,0.6113962145372476,0.530221713520615,0.7939195863595383,0.33612647239541454,0
3.513000239035505,0.5677315181922875,0.5894631414811191,0.3955870261414125,0.4804639716740491,0
1.5237243544581442,0.3868379430069124,0.7257347096381792,0.49010137295154765,0.8160640335510596,0
11.991993604223355,0.7916732461186285,0.42504209061318954,0.7569625239906046,0.5484505842365582,0
6.8458190080687515,0.5857389433620952,0.7958429568594101,0.7007736712372085,0.3628822386756504,0
1.2973992324199455,0.5808987331190503,0.48268948202436535,0.5450315911579221,0.5264017515215929,0
1.0871853051200164,0.3349375213901524,0.7911912035809084,0.835463311202743,0.3756943537150967,0
2.8488707595037583,0.5967571823581496,0.23882087075927455,0.6327200580536143,0.7333763715539634,0
2.0882514851106277,0.5285939280090884,0.3429515355161252,0.41158767366320453,0.28646686363045337,0
5.5089838890081815,0.5014637446375934,0.47516394480196333,0.5111085763695411,0.7185631220183036,0
10.499644793739025,0.5118192416545403,0.8284944325885146,0.8438207769560123,0.6010743089432478,0
4.343618041299968,0.4556136268421134,0.7677901193934733,0.5660700047738657,0.3128961488555527,0
2.4757917556661453,0.33753925725477907,0.6447184861270363,0.32014394144154923,0.8909855691038587,0
9.631634938836322,0.622129578287159,1.0,0.6442730234356191,0.5280066484402813,0
1.1771042458696321,0.4304979610616717,0.8344739723397017,0.9847249159493947,0.7653487711719951,0
3.959282595702655,0.877013278905504,0.8123386898545323,0.2769646016428168,0.4941912629406762,0
8.945417629901113,0.6711212465262626,0.5221899360425603,0.8512739133625074,0.45266694236641464,0
3.5503354159785,0.7630960750130703,0.7946341901182915,0.3791420524674693,0.4378313329500056,0
4.768520259345136,0.6969755572099635,0.34223963439948885,0.675725101228534,0.6217804275862708,0
8.023034712681694,0.5895199209384799,0.630268725404958,1.0,0.4687052442991094,0
4.1356803074827315,0.6020643677542442,0.1861384142670553,0.37670329319089524,0.14615532077035193,0
10.18325030539219,1.0,0.7278074244559785,0.6934361052511033,0.26921302836156613,0
2.1826841524593283,0.5568882023411683,0.32053560647033197,0.47189455212623777,0.5853270169154411,0
3.0052655222766385,0.7152094342883013,0.8854925860625213,0.42688848141737057,0.5534776597046047,0
0.9907408054679769,0.6085430964283707,0.8300799589590566,0.68855617598651,0.21023698226335508,0
2.4847573394154474,0.5371631677422362,0.5720779278215394,0.6768552319583222,0.3484965600022661,0
7.335208573800222,0.5128308495614506,0.6119997966331111,0.5358528777750261,0.818173573754606,0
0.4161049214215685,0.45223011564274523,0.3260765133421978,0.585221561727801,0.16094333957617268,0
5.942495040253497,0.5646635934376808,0.8040251093151431,0.3453814457394022,0.21939169612126724,0
9.79240410962283,0.7681723341207396,0.4574120975949484,0.5125148202302227,0.2347066008045634,0
2.271854681991823,0.5902319311745678,0.4695866510966659,0.6810661694107922,0.437977047093198,0
2.071885079602666,0.6007479322989148,0.6435386343530867,0.8214465812348368,0.5715562937635971,0
0.10786285932766106,1.0,0.7069208575796049,0.5451849050664014,0.49216401757418116,0
3.810857269790869,0.49006467039864265,0.5399590765916511,1.0,0.30536725432968403,0
2.917763327275907,0.45558188446057457,0.5622231218734776,0.6734879679984301,0.7615127707808594,0
9.377897245788457,0.38060773033633444,0.23945458643679252,0.4741160036057006,0.2655080287978453,1
5.80175578601237,0.635091512356993,0.5451646045803741,0.40724882009010677,0.49206918142492795,0
2.8952576280365743,0.5146451673768436,0.2402763402272507,0.42721156321447384,0.48732739145867243,0
2.3691798455479556,0.5373753973777504,0.518016795432912,0.7841260291826221,0.17421373318621153,0
1.3010317793793877,0.31555324931267204,0.473040893165387,0.622158037724595,0.35393227143078215,0
1.913671605769222,0.18387342062870865,0.7271606275203439,0.6075023809407092,1.0,0
1.8212427319405227,0.4723646362917543,0.5840832444750976,0.5901434952624662,0.5506701244337512,0
4.5410552256825145,0.5452895698251524,0.5151291484194329,0.6063269805102355,0.46870407565666117,0
12.296517807266833,0.5196429809928834,0.6676634412969153,0.6202479669337582,0.4130061056394694,0
4.509707132384259,0.503786104508464,0.35820475129311047,0.7682295868333218,0.868967774350137,0
0.9260097185208643,0.3861484280557005,0.7554843070677548,0.384069905755072,0.514889196398501,0
1.8882338140484838,0.7352355095063283,0.9318833280940262,0.20035810654521474,0.6738532320719256,0
5.326819801023194,0.5278669262885342,0.37067155453695844,0.7604959238630318,0.4687744159015619,0
1.968235038105367,0.9328062707733573,0.6594431876114009,0.32071004870099107,0.5432047201742525,0
3.3124289889003307,0.581617845064637,0.8249568197940459,0.4712249159953286,0.7538260125231476,0
5.7691256933495865,0.4606970095865958,0.7212797588646945,0.603523436032551,0.27593746868336266,0
4.924206953789362,0.4970686333524088,1.0,0.7064168369412516,0.3614253375884179,0
2.009951036982313,0.8784030320272739,0.7519634178685268,0.3779624137055691,1.0,0
4.402734654016988,0.369589689128498,0.7650351871336918,0.20782386411008297,0.8905599458632841,0
2.488327092890003,0.6102214678383484,0.31686568194226705,0.5545104121585248,0.2361966370980903,0
4.028915082775047,0.8269064095187812,0.7982294687757454,0.6934217575006385,0.21524869462081275,0
0.2922681308724154,0.7252911291005871,0.2722183657941786,0.4012241403380692,0.48776492148568246,0
9.995231395755575,0.686665798562214,0.5081372360841278,0.8182445119415029,1.0,0
3.9404047796198745,0.4542502756673046,0.49779454935064094,0.5837461802049222,0.640765487261707,0
3.7808241060483168,0.6790751899170295,0.8237263115064698,0.3087691348549739,0.7009313211996567,0
3.174101583938334,0.7410284641002477,0.46066330586186666,0.43108216300784946,0.3705902038765325,0
3.3589100978613105,0.7911989033093633,0.7054814705529023,0.6666677454915203,0.8846213699750636,0
3.1980837886230384,0.4398036392923501,0.7935396288382831,0.6136499424677299,0.7899066394796808,0
1.7085828925818922,0.6240423779883483,0.6668628332870621,0.5248810698570737,0.5373740453396607,0
2.1209175328080647,0.5901138394461887,0.779727469885743,0.2960445452554008,0.5635695669665538,0
5.1894271075156855,0.7907768874337633,0.6315850035028572,0.5187560534104335,0.0,0
2.5755329945075496,0.6079549713792827,0.9650801597290879,0.7677811758579232,0.478274822923075,0
5.829765706080227,0.5219249882189327,0.6115225336378394,0.41885824655823733,0.8474845893507719,0
5.200238830218341,0.8776719464541882,0.5238525866573523,0.826235480557743,0.03138647058811472,0
3.2515974622566417,0.7266219554294319,0.5344325605974396,0.5048800216023437,1.0,0
6.18767269359247,0.4658476412637894,0.5522283126097516,0.7274103226264518,0.828438497828839,0
0.8966572188421457,0.6202959800704404,0.41255469381719806,0.10514263778709315,0.8338574483901342,0
4.798958234175709,0.44327993871216664,0.4391889413174433,0.9497891711321536,0.8142232474578159,0
2.484073970026321,0.8857349346745134,0.1676718898696486,0.8777918744506561,0.500649826406817,0
6.56678991028493,0.4448738132029232,0.5564814026680273,0.381878600998416,0.5991195839024575,0
7.967907366157049,0.5542007683265519,0.502155040426049,0.7634936777669641,0.4903710982965207,0
0.5082561698555346,0.9396685289579627,0.7550218305163547,0.38652540291860593,0.5560089435673166,0
3.915909434076476,0.5998767367421511,0.8654906559526949,0.526176116903262,0.6113847356694747,0
3.2908202377140596,0.45137543552004566,0.8387264006937629,0.23587327643018596,0.7289051410845551,0
7.496247175889236,0.46838492539568977,0.41471739590319234,0.0,0.7813504689477666,0
0.5466047668654996,0.2939141295007434,0.900958836396873,0.029517648029069532,0.9232204010238085,0
3.1426560584125394,0.6233196492193697,0.362024042734529,0.4215332706658267,0.3169730251844307,0
3.8197266738568554,0.8284004572689199,0.8529035125179163,0.7432707972943817,0.4172688156512233,0
6.654540484803298,0.9101022363021708,0.7977892705878875,0.6024148538186564,0.4418400391609496,0
2.540812254595887,0.8010807218919793,0.7391739287368292,0.3248524118659846,0.3007873107210961,0
1.8294778487040046,0.4174198164898104,0.779883945652743,0.47477399515966023,0.4894288908288054,0
3.4401063736847193,0.3495625088437055,0.2449361819533089,0.26654610122827926,0.5020321067963917,0
4.152190085489344,0.5031184399367357,0.41027903288078915,0.33237072353807784,0.9251031123855467,0
4.328850344033227,0.43592972671726393,0.5374670952934874,0.08734208957628692,0.7216754185556182,0
2.5071580518817838,0.887428327014513,0.7263279513898901,0.5480068396708457,0.8755877105558058,0
2.242869935040197,0.5128682046672366,0.7859432689401402,0.32544801513608046,0.7336549922306943,0
8.941012503424277,0.45316520975025265,0.35675073604934926,0.5061553860253274,0.6581312423942924,0
2.7044228703473165,0.5008513871828112,0.49545528605046596,0.0,0.5380551293660814,0
4.986739732387079,0.28290368618002176,0.17689097978437557,0.8071635948639725,0.6445038600447656,0
2.031481534574665,0.4582722727797831,0.8433746580309374,0.6848201127201692,0.4382986732894536,0
5.674094658961319,0.40631854688616054,0.7289848753888883,0.4762625804269931,0.8245032559882215,0
3.2942585297468483,0.4407511103495035,0.6283608010805093,0.18027210780646785,0.5903391823514142,0
1.9846286927124754,0.49629387041883355,0.3717615549169425,0.012046149667673811,0.39178626976666764,0
5.092784342197136,0.4130740348479992,0.7081251198325538,0.057474045572041166,0.7463714144258481,0
4.0294619750387906,0.33378733448002057,0.6731871213888528,0.698275314492096,0.4818997833509222,0
2.3361273556274194,0.7087636934287632,0.47141159963871915,0.36973749261925276,0.516381554245181,0
1.8792529319256255,0.6057988324447604,0.9945391258270151,0.24054476397822105,0.6653598043956404,0
2.9884692675807845,0.3051403527421269,0.7156909031390214,0.31832172437695466,0.8333561442364265,0
3.122648297870486,0.4150131962418896,0.46938480218699385,1.0,0.3669465129330316,0
7.797926922980369,0.714412031998898,0.9293585965307896,0.4886529709992824,0.38417804384135235,0
4.2393102345147655,0.5204794827402663,0.7565927894305612,0.5012636978927605,0.4688573494896412,0
4.228605065271424,0.5862125485542166,0.8106556074632127,0.6965414500981959,0.4592689599923744,0
2.1065768942302756,0.5410213939754926,0.5865002061198428,0.38247119988644185,0.8077779412375552,0
4.844092706053473,0.5859163563879196,0.6947221174457751,0.7168651954098281,0.2833402237735817,0
0.7520703774843102,0.8233748534889049,0.7202804184757658,0.3030160385508647,0.5562965231049218,0
4.81873936702748,0.8394611398783614,0.7732492781036251,0.9270118978547883,0.495139897642292,0
3.2834431203930077,0.48936404343314494,0.22872459887816393,0.744808508578402,0.7810243311439612,0
3.636071736427949,0.569613507907789,0.8091743563726029,0.37029190309781745,0.7139011688330019,0
2.9621979525375832,0.6529767192152744,0.7139850505270469,0.631085052503717,0.43280039039228124,0
3.1791481342095906,0.4083186466179075,0.24725712147743462,0.09921508093601378,0.2014900925387923,0
6.6213224375634585,0.8906345219836076,0.8298566682540103,0.45451693206865884,0.6622500819373137,0
6.8873793222045805,0.6734011899153396,0.7723157314263936,1.0,0.5653443067450308,0
1.7730907127410709,0.5129424682244584,0.5240358600533148,0.5609528679947774,0.5176595596417326,0
8.554003579410567,0.5904657592845605,0.8763713798178219,0.3667417511190027,0.9499736229627215,0
6.8537521174240945,0.4525594157610146,0.4796157364366982,0.35750098345063575,0.2648543338650233,0
3.790021887891597,0.267257100619004,0.8666930050768189,0.47330490178215745,0.8390820844216579,0
0.688765563491049,0.45787224580804253,0.7614244452437832,0.6359045723921154,0.1621311658201986,0
3.5091113251473955,0.6858285550876392,0.4895909001020272,0.4676380534132272,0.711011554943425,0
2.282381894569697,0.3800311261070417,0.8519542624919247,0.6505086200117306,0.47354411856994993,0
2.933858014933013,0.4375663946843396,0.5081556252510945,0.12914045194476248,0.3727085853708385,0
2.081327886681077,0.682940549066622,0.43941583252653965,0.8004562134204843,0.44053441555525447,0
1.82100838317237,0.7211111318041424,0.5646869038482238,0.46590533422239905,0.8321199643054329,0
2.0642965596902916,0.6165215020648396,0.5645449254806575,0.5968238874558046,0.2452057810148121,0
3.9979205281292938,0.16734395106844047,0.7132890161902655,0.16903100059603482,0.4558298658812285,0
1.070079826143375,0.14564027200761054,0.5297438562596934,0.4003906048547383,0.3373506639832307,0
2.459120582072682,0.7262293441626739,0.5502651377468815,0.6488552463470096,0.3393348298966534,0
8.981681440654217,0.6704236640784967,0.6346683897217151,1.0,0.16624724175878336,0
1.6147168423318337,0.6482858905440401,0.6639520714397295,0.5988704328883228,0.5282540557273527,0
3.391636711839816,0.8383890011603781,0.44752515186466135,0.5639659849611243,0.48187706292262655,0
1.0469137077107102,0.42399500409322116,0.6963911005019692,0.5007695480007777,0.447792162814564,0
1.4345105198102124,0.8994726395831116,0.4959680015234673,0.6984816836056611,0.30702951894745145,0
2.81197271484111,0.6139049341565911,0.8807234536984571,0.5849718082097819,0.7691460072804484,0
7.584431570175324,0.6664195406937232,0.7794818660383213,0.4739440297070466,0.8137011018380313,0
5.961098631593477,0.3276839500972898,0.5428348842587074,0.4171363621601963,0.20507092641959973,0
3.110346908421905,0.4759977940235745,0.18924371564436437,0.46125317897167806,0.5294445043982602,0
6.653955254577238,0.6811801553059522,0.588947238943755,0.5453228108885257,0.46452594032044514,0
2.46890188538488,0.7971564383644308,0.3357892640701903,0.7200540263626124,0.8123516527451545,0
11.414819999064324,0.5570527103943458,0.6529177981381079,0.8511587681439563,0.7372979382121122,0
5.339194605994204,0.95204090775327,0.20029060300849477,0.2356649248927889,0.7445021840430195,0
5.48972352958027,0.4970970317378779,0.14922752711864934,0.7088545075523066,0.2773631531322361,0
2.0467129753214515,0.6351774412386072,0.5538295554831505,0.38962827273892264,0.6573319026716363,0
10.171839899958966,0.4080840290501655,0.2982990178649331,0.4957457373939074,0.4821337865397197,0
5.173394173970787,0.42547012765310965,0.5889214910474486,0.364382353575488,0.25959504753144474,0
4.531361104834526,0.5273038708235718,0.5943116947248421,0.8586879785111988,0.32296984673922435,0
4.414520240965324,0.6721171490567647,0.8072537226809202,0.815552462728428,0.45017625212198287,0
11.767927039221519,0.2773651990814379,0.5825488829692792,0.560344763146462,0.670715818956707,0
3.327955885818463,0.38926508640605384,0.8778233610888135,0.9694252035191102,0.42821058682424123,0
1.5187149395385942,0.6527228928462193,0.8391729319284063,0.5540789004214443,0.7238832755094275,0
1.9876968963234918,0.5693991929985437,0.6690314050873828,0.3454448291916319,1.0,0
1.5043849884115872,0.7019029774972216,0.4916482735482926,0.5350434641175241,0.6585832449535443,0
2.6227241858324444,0.8123967477147893,0.5788686934593388,0.7566603838474741,0.4241173045354425,0
1.1542007689979026,0.21253113057785794,0.5073340401381462,0.7899891686084364,0.898365000994912,0
4.1745770162178015,0.5851072459157196,0.6094789707062216,0.5245699936117388,0.42330602325916944,0
5.170184684084499,0.5813945921936869,0.5067095554457105,0.3924283889837146,0.06923469358632073,0
7.444320873888499,0.3044784369726016,0.6942932547570149,0.7088492330537244,0.8337464362425824,0
6.6394551883829775,0.40295979304735074,0.8812416504114592,0.48923470027978344,0.5505033459515709,0
14.8629998242269,0.5985764026300551,0.13358025936220258,0.6882872890948023,0.4293959344033101,1
4.202259949665135,0.8450712433899105,0.4895351515847385,0.548859292752426,0.3998846277535662,0
6.2931117916037325,0.2408540426618534,0.6190150753891701,0.8716257797679827,0.3735259898678783,0
1.783676010565252,0.38779982727423107,0.32719070996760136,0.614665286963847,0.5968027506886853,0
2.1062017949991323,0.7219175773959604,0.4119226747722648,0.5510232519188641,0.7244972606944816,0
1.3432701196320738,0.7807180686633851,0.8272698794525688,0.47445485325434467,0.0,0
1.8355474439532469,0.7542766590858797,0.9676885545739851,0.15350417194051047,0.1364166352694101,0
6.662017124109984,0.52490914799942,0.6155759048318715,0.5714732515733326,0.06175391799554231,0
2.819129467149312,0.34103816119579333,0.15672868212479968,1.0,0.30729415954122974,0
3.912873419367111,0.7553972526639465,0.586973576770527,0.8976831218978857,0.5772618337953819,0
1.9767816940030858,0.8337062690296073,0.052438268692984125,0.869241346522047,0.6243651658423759,0
1.7280087143101268,0.3973481686914967,0.18902357986709623,0.14311439052920938,0.560578688265504,0
1.8463902906291607,0.15621537151678339,0.777683104131142,0.5570032288397223,0.5032656354196974,0
3.8179752238653286,0.8453080699451792,0.8260182708294903,0.39360932462261766,0.63707677735623,0
1.5954746385960563,0.8404235398365121,0.5528298529931517,0.40089714800778015,0.48418001006596445,0
3.9408553588507185,0.8057731626626787,0.6826895458303023,0.36893836698541493,0.6789932546271902,0
0.30810295695338896,0.4284356025811136,0.45032752156151074,0.798172134728198,0.6700797784036434,0
2.0884474250835146,0.6254423750129042,0.5237923186002008,0.04118993984362407,0.7110671936132759,0
3.3468908469847003,0.5593961187529485,0.48739525835671194,0.1502191318656294,0.24891017458079145,0
4.942714945130388,0.5899620867437427,0.9318837304586989,0.7524723304152792,0.5023179668310671,0
5.515024438300969,0.43750664482114654,0.3324438129476477,0.7823706268361925,0.1621692756483712,0
12.363451951017218,0.7564930521102294,0.4038517193540693,0.23002006668421754,0.49777376853453287,1
4.91594538968609,0.24317716585287558,0.8055353643797019,0.633078502994898,0.3853329619575583,0
2.855523020066931,0.1369833907487359,0.5556915162366318,0.03054704503595085,0.4795344830019388,0
2.1549958081255123,0.5804709744067444,0.4247619935556867,0.5538447453430264,0.7601212034771248,0
2.7484668944654254,0.3472208095414925,0.5671374322806718,0.3186438434851032,0.6061844262483498,0
3.0204675720650678,0.7193764207769828,0.7663443388790188,0.43590338466563117,0.46795308550537,0
1.2486880114626442,0.7606305706665808,0.7758138875070286,0.5298960565727519,0.44760095987110826,0
6.511939028142709,0.5244164817038467,0.35889191187991487,0.14838841993560692,0.5947619998907892,0
4.769928726976524,0.41472153958814606,0.9101880865821632,0.5399605123389142,0.23522947753402945,0
5.031502201481641,0.639541712003463,0.3611262444913895,0.6308114407272449,0.8248243888472575,0
1.106528597456632,0.681310721726766,0.3997641150672143,0.2673929867198675,0.7193950191847747,0
4.285482076138716,0.7692938467621768,0.42486454250075756,0.2201882013503082,0.5053442597729555,0
11.643239360831448,0.5902198093429936,0.7601308792015224,0.826381483239496,0.8111466672232837,0
2.389600839305033,0.9814616426531008,0.42885701539933235,0.7355238430023268,0.6158443676894283,0
15.83509066153565,0.7694600375087418,0.23687039367888074,0.0,0.675659469368226,1
3.229724503158507,0.9237635681087707,0.6339411216714532,0.6191453763977622,0.551882337781357,0
6.186229930519861,0.5692241553881967,0.45754494225899156,0.44137594314192113,0.4819821328368994,0
1.2129067331644323,0.3559751479240713,0.47048844690165575,0.8594134393779995,0.6335488799289972,0
1.0472644424013675,0.5664879505869007,0.25848970010701394,0.4726977307375342,0.38452559077007176,0
0.1535533082202106,0.4608994957198457,0.8406768954235402,0.9448930364326782,0.434970794026281,0
1.7602834758414687,0.4529388329264264,0.3087999597855061,0.6433733173504307,0.4625050949404781,0
3.902222277675833,0.15806597522404492,0.5937276632107725,0.7704402597371527,0.3280012245696764,0
3.726108869115355,0.5590982952661504,0.6616672846423411,1.0,0.4440114863594355,0
0.5550683617998473,0.4407916402366558,0.6306873725742582,0.357072194954865,0.43991506017350457,0
6.881048496512996,0.1982521027153772,0.7272127120492307,0.5157305447395368,0.594029572218153,0
4.909235245897599,0.3358295162631123,0.9322838174279447,0.22988610724938335,0.5916855606686378,0
1.443878190455264,0.6163960661138029,0.5880999359558133,0.7273629542847599,0.4541929984746345,0
2.917831663036789,0.834100849597971,0.4358507412501048,0.34191110672394287,0.6537114224050089,0
9.48570030335366,0.48553590615773207,0.246310211207052,0.8609632331465786,0.5273348956926126,0
4.93594719123,0.7018310320605294,0.5440219052195401,0.506421573741313,0.46385574260744306,0
13.62387134223404,0.6286635678788745,0.44450613527722876,0.6404191463559138,0.6608219301667337,0
3.4489441621716272,0.4286599410469407,0.5922567384558945,0.8500197391067154,0.4417814615486349,0
1.056741167650401,0.4641511159402677,0.667710653954144,0.15046891202906315,0.6516779865380274,0
7.246110387439124,0.5351133141799908,0.6741344195101356,0.5944252502333135,0.2562242410837778,0
1.2083395152155894,0.5993009556864011,0.29037462298907396,0.9445267019778786,0.29259611686823933,0
6.387402539858002,0.5488807962341907,0.6837483311185026,0.27707478096517146,0.46483806545563183,0
4.58222567366996,0.29256728628315004,0.2705763629774018,0.40410016841349883,0.7784433472242497,0
4.709963120628,0.420885585592921,0.5099050781684243,0.1082474087486125,0.7393594289928259,0
2.6154226044090496,0.43398935172599146,0.5978809001070755,0.6749212775757335,0.6538404996022404,0
5.963761527319851,0.1449714826684786,0.5872908629538856,0.38455338380790305,0.7375353336551693,0
2.3409963887963725,0.329027441387496,0.5941082854027734,0.8544897880763896,0.4370967998070529,0
4.877444018252139,0.5183984202842021,0.464623786010516,0.29697390618495817,0.1859315321895308,0
2.140610044197115,0.7406250090752173,0.6526170840194586,0.7312739467119993,0.6635592231652909,0
1.352102041124124,0.3071622774424536,0.7041356659046223,0.7167640258674479,0.39618775281977825,0
1.6075745767572285,0.4371504802685223,0.5869102606394074,0.935527488141969,0.991340435395007,0
1.9540784614980344,0.6006330476075963,0.7140688025224913,0.5415968588240718,0.6500430006710496,0
4.638324872560867,0.9599624191571853,0.5501365637914966,0.7455325003828648,0.37600213603313837,0
3.5012110381784263,0.42809755956814344,0.5126057394029109,0.5641624812242768,0.6665324059584808,0
6.49281564282341,0.9921046003182703,0.8418987206767043,0.12867226530951492,0.6191643686920665,0
0.8167800645015204,0.6351687317259659,0.6336411511775945,0.1059970614878995,0.7840670172633883,0
4.02271767499055,0.18978845316945225,0.4414652400531957,0.3530540620229403,0.41341352838475454,0
1.6924017608905784,0.48558769675886493,0.4786509948463612,0.6890304496334914,0.7796493344021048,0
4.762323787358964,0.3126013223388511,0.7615628361641593,0.4027219668047183,0.3441688142722663,0
3.4904856845704266,0.6054753875916383,0.37906541100571667,0.633759281315617,0.5517521421824128,0
1.3144656109798212,0.715019652933527,0.37657395685781997,0.3854708777311859,0.48318027366913385,0
8.666250583029312,0.7125724237677921,0.6759257683847225,0.342751247269482,0.42676017115666676,0
0.7000329506326084,0.324646506218039,0.5866600424209987,0.2549267651025266,0.8960192210017799,0
2.03044219367191,0.6897377627034087,0.20658761031159023,0.5580825581988937,0.0,0
5.721080392796901,0.24143969695807083,0.4234489940229922,0.6991102843954382,0.41045711350833136,0
2.150829695905979,0.8276675556416897,0.43012670123193625,0.2724991070285184,1.0,0
0.4930564705020324,0.9648165339499948,0.36612308168271535,0.0,0.48707907118637567,0
2.3463653266752007,0.4830449335786919,0.4692703073516007,0.3112193551626618,0.6431917944305615,0
4.043527283035199,0.5351108168467666,0.546289839097672,0.13162384450244424,0.31404299642415534,0
3.1373468540307066,0.3109412472801511,0.19065239740438938,0.9225948675482454,0.3666578170650044,0
0.520006413587839,0.6862724653150611,0.3192615437320283,0.7386833245169524,0.5938732769170888,0
1.7369954639635021,0.2655492580804652,0.33774747341068195,0.3864066634717461,0.379890506500379,0
3.2104352379819217,0.6145437120676179,0.3845538112895355,0.6798366285602931,0.8872025608605671,0
4.921589853482129,0.410645636314085,0.6664053134169454,0.6151105658333891,0.4314547916375976,0
1.6010433685994676,0.5022135801660612,0.4766351176370625,0.45206046273904454,0.34706975941032947,0
8.723136471533177,0.7493717546931616,0.7988996152042116,0.5830052306543894,0.6295172481284116,0
4.7785426858878814,0.6021347531647815,0.6147600255211891,0.4771275052516275,0.18689193379169244,0
1.1740802342654024,0.34955659621465507,0.399512952529393,0.1833037023460808,0.43969152768515996,0
0.25066723973886595,0.12585996947298678,0.5410513638474804,0.2465145734606543,0.9766223652018826,0
3.3293315469779228,0.566365871709513,0.5302220693617715,0.7797691207469422,0.48613960027849673,0
3.1143111895164517,0.2915474609788763,0.6879415610490389,0.42425630736216424,0.6079671873728332,0
4.271799560477618,0.8362733563662368,0.3097393300464332,0.7229702862137719,0.8436787145255578,0
6.449650781475664,0.6074248330403649,0.5616702008570955,0.36380394831836826,0.17663857530302463,0
1.1627107594512374,0.6592568496007399,0.5512844539621876,0.4409035273683579,0.5258858431363173,0
10.873603026913269,0.6279228354741808,0.5500890988375091,0.22570784452878095,0.773350180166316,0
16.180355671134873,0.609124897749419,0.24667149011584177,0.9192336065295686,0.29308849872105436,1
4.873727161331154,0.43525999921228425,1.0,0.5258427733441948,0.34469305031796854,0
2.0937512623680723,0.5239879412892761,0.4391324065373339,1.0,0.3867636458197722,0
2.294664477469697,0.8404935068941491,0.4706675680356165,0.6706310122071479,0.4684700849240606,0
2.7754093760433336,0.5335697643214863,0.7734591663176256,0.635681336594426,0.6504857082138324,0
2.794072917887448,0.49463734002221593,0.2818893639992344,0.7782500550685749,0.616907757547358,0
6.080760161032236,0.5254582132808552,0.5686744748553303,0.2674490688315191,1.0,0
2.629859852568984,0.8213166771655964,0.41475175835151523,0.2764088006124642,0.420606041462695,0
0.28295051002212696,0.8757231091142584,0.27397970835702173,0.12415439016121138,0.537779506242744,0
6.407280682067357,1.0,1.0,0.5046377326881208,0.5266058594431108,0
5.471025802159212,0.7198204221486288,0.5379422017216777,0.6636987924105952,0.7203089215562604,0
4.112680000413978,0.19425595021914432,0.8492088622978367,0.7135914140885145,0.5377713723997,0
0.10256587801427558,0.7992170384995259,0.13532195351837012,0.4643281014799129,0.46828300948092594,0
4.841436268080983,0.4980906644832166,0.727732550710192,0.4183111418362524,0.6950637289611293,0
0.66405925640886,0.37791732694320956,0.47308889115403496,0.8015732023036102,0.4230837887049073,0
1.9582670358563425,0.8567455419832999,0.40926909008669776,0.7829949387398938,0.9489356694362107,0
4.801186369536208,0.3544889510402898,0.9586640979364611,0.9549030388593278,0.755262670885437,0
7.244817217199211,0.6350979866480461,0.7894493847290456,0.20708157569238356,0.3939229794659398,0
5.105412308526107,0.7650686803913795,0.5921336930406222,0.6023835575656986,0.30984246212499744,0
1.3825525294846661,0.3914953105769575,0.8799567372481605,0.37037987006002715,0.42124130380430125,0
1.0114663025803883,0.5495192318162293,0.4321456696421388,0.2769590918204776,0.7336452917914741,0
1.3923657493753425,0.6317214615403536,0.48843830577222325,0.34035355038819226,0.3549301970976394,0
3.924957679847499,0.33053949447343123,0.3682699408517124,0.3712379542583437,0.6472369214069068,0
4.159180502333062,0.6223272050095269,0.4209760490789752,0.6403489013771035,0.8883680446225133,0
2.6636887475333335,0.49404796630083314,0.6585408795953449,0.2902850525532799,0.5798580899205598,0
2.5781648031349294,0.9030908480562194,0.6309963421921911,0.23477901141623875,0.7519296283520508,0
1.6772186429656886,0.5270527117066203,0.395636184448649,0.9653254326520386,0.47646563994691915,0
3.26820789420204,0.4595387361501847,0.06522413467420868,0.15402429412856922,0.7172912243517455,0
7.17372930996214,0.6644012556600947,0.40905431287782323,0.1656038008877062,0.5181209926020851,0
0.9125098019663824,0.6857893975524466,0.38751953021251606,0.5377426647904908,0.5147207821701373,0
1.9076914766956758,0.5188203644126665,0.44034254070187984,0.5900045564631969,0.66039220195686,0
2.7119735118112294,0.21628318522448214,0.7365758168657244,0.7682896371547873,0.13984706377199924,0
1.868886454561769,0.6134906522500351,0.4834279191234978,0.526653285275013,0.43354693526135846,0
1.143473975840424,0.49337222065124664,0.8492204466851121,0.43100284940340816,0.3650963941490952,0
5.681274808288249,0.5576006956336401,0.5740062653436523,0.7033794931826042,0.32498563565635086,0
1.4065406071122308,0.4879384589230193,0.3937406586353883,0.2937519215453093,0.8103312382974945,0
6.5066468696858175,0.5953368496989195,0.43768845073387497,0.411727545771467,0.7030900446006328,0
1.632181400428232,0.8953927702466811,0.47007276287707955,0.6061711814379716,0.7551699830120798,0
4.322292744111492,0.3811351925633858,0.7502732912581725,0.6161461340072778,0.5222510127287542,0
8.874836134202479,0.7403099541148086,0.34576750848794,0.6683679747588072,0.49111896000226546,0
4.213132791134781,0.5694155098696081,0.7437289981065779,0.37448672653066195,0.477914327748491,0
1.7604140376856068,0.8431297537843109,0.504844739902693,0.566882051171981,0.23655539903303957,0
7.060643174179008,0.9416694908441188,0.4604171040626031,0.2310419783575155,0.5433682607054128,0
7.475956248158408,0.4280434191361236,0.26002868690381886,0.27342295469291455,0.4500782971714666,0
5.411581253271515,0.5226009021115083,0.593605018426513,0.3052964384797152,0.5306302167812704,0
1.5148063750211953,0.4683798321679559,0.4554297155300714,0.2288924063981001,0.5209408587857884,0
1.1298535853676774,0.7752100501544337,0.5397212552823027,0.10674188294827969,0.8276227301570782,0
4.054451143286528,0.32387693301249476,0.6745422447800538,0.7073823960554527,0.3730505328748017,0
3.897646005453357,0.5638688674072502,0.5333231449451414,0.5964231474352649,0.5934119977709464,0
14.748197066125481,0.6029550621955959,0.6257621058993187,0.6444573053055395,0.41952413042490944,0
6.931153941923296,0.8043784843877313,0.5808096155403545,0.5394078973645818,0.564650365785367,0
7.364211884105684,0.7565092408683315,0.7753410273655167,0.2772583924462005,0.4596208566499914,0
1.31494514076977,0.6295854099893619,0.3524338638159069,0.7833081120789086,0.41133125456434416,0
5.687437000021296,0.38215649535547236,0.4881575248297571,0.632815857850891,0.764619927966919,0
4.068093595814527,0.5165756572427177,0.60651599009766,0.48782721845411325,0.9036160267243984,0
1.3741237883206512,0.4367404540794457,0.8913209907356925,0.7683973539088449,0.5520117560628303,0
5.074530963201198,0.39280210789841014,0.28375340928844445,0.0909486567241759,0.6617580919207596,0
1.1130206219269434,0.4286993223568521,0.6411808390341406,0.4352274224452521,0.3971879187841082,0
11.174380363576892,0.39507700599628365,0.6387047476924831,0.12446782336540302,0.6711733017256881,0
7.490316808102472,0.6984917827185241,0.4224824915848072,0.6041707797410716,0.4832629851550305,0
1.6979955382711747,0.7663969618499885,0.6619400944822845,0.5968846961034906,0.7709628596478891,0
2.6842959699596074,0.5390211998767428,0.6071108149715314,0.6802806070948346,0.6919474289090126,0
0.8781057517048251,0.5815522878587539,0.5007515756102565,0.6989255625438787,0.8417133935045198,0
4.974996200423093,0.21140863716092295,0.53033207464105,0.3028522232122707,0.3072103502125304,0
3.2308929347092072,0.5154107880153155,0.8923416960284687,0.20702471426716096,0.195016492467117,0
5.990155974625561,0.3240586290684764,0.40533218350975325,1.0,0.16054649856478376,0
0.752760289037597,0.6143186422678477,0.6207095726397354,0.4860173595825617,0.8514901326764506,0
3.377135449166111,0.43989263010168334,0.3058575148171683,0.4229649505881723,0.5174883298601564,0
6.032536799094129,0.12455451592970096,0.7920487001013753,0.4827458633962944,0.42002023827812296,0
3.511623014924243,0.7205547350244439,0.7465146927255555,0.7140902174571372,0.7334376146150603,0
2.4823586410472123,0.32606602107477123,0.7114586249622169,0.23855848522507528,0.7936984990619741,0
0.7767890612661728,0.43281446533644896,0.615821355742026,0.863210658606871,0.4513905844139672,0
1.3279430226534479,0.6858746565913008,0.3202411929682688,0.716578125227303,0.6517700844278693,0
1.6110754353828705,0.6237346617745803,0.4713322375345279,0.5571862057337044,0.8312594097736057,0
4.426574126524957,0.5434610503811814,0.7745355369596043,0.1897010598760004,0.5229595125586799,0
2.839680955223827,0.5486957369541084,0.6037067972929618,0.9282523165009973,0.8572513161478781,0
0.691063364981414,0.9839873176161087,0.2652634726232154,0.08703931710633539,0.7223897262556935,0
1.618308931082181,0.6373119608315336,0.7307869682172391,0.0,0.3278592449638138,0
8.193385582156633,0.5270920309494764,0.7975632623946924,0.15139308530140827,0.41813749495017005,0
6.333422567674536,0.444204458387197,0.33868847144794945,0.8557707667738312,0.49305203191863706,0
6.763919524707613,0.5977578318053027,0.4846238440640697,0.41226297138364326,0.5606447260228768,0
3.2972659147358176,0.06515194794541168,0.72680907927221,0.7342109742731084,0.4881079374339931,0
3.2939595278353258,0.6658582999202177,0.15796839834123366,1.0,0.28752680991974805,0
5.431975211182242,0.5022103906267181,0.3684872675916805,0.4058071673579169,0.7161860696816664,0
10.74567636177262,0.33831187327166945,0.05038779650141212,0.6001149078534322,0.683959178376019,1
1.0688088447496422,0.6925996860344776,0.7127727816247211,0.3148965563580245,0.601623441134119,0
9.747840343872497,0.7528740130036261,0.5183797019859603,0.7516483119784217,0.6343950698396896,0
7.9450710795454915,0.37870035251816025,0.5695340753496672,0.23387539826125864,0.15551658044239314,0
4.182060024369406,0.3486914869440718,0.7779757122258091,0.8792787668349664,0.5240249240619628,0
8.757470250514544,0.5081352645696269,0.7784652909076704,0.2697944086199032,0.19818997298165725,0
4.787358779738473,0.5223471397657631,0.3276239763906159,0.6297255461723459,0.6113890842840304,0
5.8885583771079775,0.4331089416299124,0.4991793091928892,0.3842733319300338,0.5561773302905579,0
1.8035961446527127,0.2930831468600062,0.6138320580183981,0.5827551905196746,0.47656864841544483,0
4.9555626660919385,0.42728247892744115,0.5892481881333441,0.6864466783830889,0.07225429095270158,0
4.275450283978665,0.6132311914365557,0.40854132387280767,0.5813413289412923,0.8055077332349094,0
5.201169548211521,0.9614990939423398,0.8294452845117526,0.5642532840927629,0.4076070596426298,0
7.75633903765625,0.7792881740801456,0.6798994729718479,0.4590201516275909,0.4891401087844818,0
1.7098571437321108,0.694334412808647,0.3241896457565542,0.41886993343005663,0.657662403470142,0
3.1545995520459016,0.6473003287652405,0.0,0.6233173285333757,0.6123258720568346,0
4.598567124235923,0.07566812782822158,0.9584139305855761,0.6238199851552171,0.37917018909154,0
4.100304127647356,0.7594635413242897,0.7839179984855548,0.4926523139829931,0.5404350710409503,0
3.7775170558530275,0.4837383233633355,0.42755265309845,0.2787123683605505,0.3684096834046299,0
4.688510710996042,0.5428717035405033,0.38831603509532264,0.4711837889396135,0.45611343428588214,0
7.302414218267523,0.5302823735431477,0.5537699245889696,0.7270536058141394,0.6013075488779704,0
1.840108798567705,0.3106422707147377,0.7287395378778222,0.7732384675271924,0.9525164443775392,0
1.9429549055702178,0.4438006089996365,0.6610753633613817,0.39428237589417914,0.4408868098081765,0
4.234798367384852,0.5836119611933641,0.5567801568250921,0.28953811363986787,0.2786305315321213,0
3.9743166803874304,0.757088683283389,0.39857463063679,0.49057223946353035,0.05251597411496994,0
3.734032070330121,0.648812783795104,0.0,0.3357870337180502,0.302268128599569,0
2.4841672325375037,0.6511931106911731,0.40434555951867746,1.0,0.8119206907555911,0
3.3916771473039886,0.659423823035042,0.7607224798487321,0.36913429778242807,0.576566497361683,0
9.725600511823552,0.4585807486827457,0.6209556964340399,0.27553441041269416,0.6369680817408665,0
2.616188032492937,0.5659195724752073,0.6608115542231815,0.33457423243593554,0.5566069254160981,0
1.2062450608910245,0.8779929058742786,0.6984254982143785,0.5688584097253983,0.19756752138262296,0
1.990122696986703,0.5425926405903176,0.5059610745984086,0.03303631839100196,0.6494473358088692,0
0.45656701922514487,0.6739422891932273,0.2991402274128497,0.18227281070310047,0.5089101788770359,0
9.574304292531924,0.2639717244078735,0.5243175706920584,0.43358380718636347,0.5628719585075057,0
0.6670986320546212,0.39745504428675715,0.7245838373541574,0.39252368632039697,0.5159165875960192,0
3.6033022592616133,0.8598040302990375,0.7477338338716006,0.2121385587770072,0.6974483774010145,0
0.748101377907894,0.0,0.4388861304104144,0.22466411829110522,0.6565782531613664,0
7.999938136414229,0.5159630754950144,0.459354390134545,0.7240968618641789,0.7601671458855124,0
2.723232280404464,0.8727422538117295,0.640706860302796,0.48896084117733785,0.7620991770234387,0
7.254312811915882,0.0,0.8809508717701084,0.4033318064236977,0.9168241154464957,0
1.9159325815747845,0.7400031657339292,0.59860094441088,0.16682486002751734,0.506818256694654,0
9.37111469009021,0.447756864713763,0.531954467188758,0.7452683169041132,1.0,0
6.131893968882167,0.26038313170053523,0.268507245124689,0.37038894468689104,0.5030416266233937,0
2.5330813769713627,0.5537638099481197,0.3156691305364877,0.9739307194527164,0.9674035128500846,0
4.7118939437695495,0.3647237740036924,0.34259648612244675,0.7359539246251146,0.5746630883013938,0
2.4027582040680593,0.6765563732212571,1.0,0.5954665637646238,0.604608528986074,0
2.269479373880055,0.519832457686661,0.38851291970607715,0.5127487001590337,0.7549456791098342,0
7.77111379583262,0.5525657287087371,0.6459654070733667,0.4828385616725644,0.14600084757051263,0
1.2000611511042754,0.44482406482095926,0.5855500212536063,0.6501203466265822,0.5788343409674868,0
4.142252778684498,0.15089364390965232,0.7379158824710359,0.3249864418339377,0.20384105277751197,0
1.5052810154222793,0.5948903637119944,0.7594196605224309,0.9709819228644672,0.44904546216883323,0
3.5174985022962364,0.7823756605216381,0.6195060752316149,0.8408771919887468,0.6083342160057553,0
1.6879151503242356,0.27379107936924507,0.7713929532605284,0.7102966656027676,1.0,0
2.855474965474864,0.5371623645783005,0.6510808546861995,0.5989613117526714,0.7029045529194092,0
2.0240801821325065,0.31857667625734587,0.2833743290444387,0.16212193773526778,0.6956514036468642,0
1.4319110891466187,0.44647774019276576,0.5947575903277798,0.5458942759818121,0.8114465201585785,0
4.970918383617235,0.7558311274651288,0.6445194964826086,0.614007433578469,0.7661920164680132,0
2.4874569065734105,0.40438458042893577,0.5242201631763621,0.6351635341030354,0.8146705274853034,0
6.705365460596042,0.7224447023773954,0.2667545888414709,0.26221156586178274,0.0,0
1.8189622166464545,0.5406158842241632,0.6454081654446243,0.5692054727650638,0.2677417106785147,0
4.769283162732102,0.4783941240506028,0.4312193655959396,0.5234446265394972,0.5683658476143673,0
2.8243233280192133,0.45139981306823346,0.4255525670187442,0.4611278397709101,0.7594424406462729,0
5.785191395518764,0.5338800501406479,0.38338878859984826,0.7788475688900405,0.4291011395889824,0
1.5133015439790307,0.5938604674400872,0.5011438120446933,0.65857401899884,0.3990058936743386,0
2.4447885236655966,0.5437121659250448,0.3803142731618371,0.6932819533103001,0.15710937177449558,0
7.785731356616643,0.37676503035709985,0.6441957007413561,0.7614003786167379,0.954847769665238,0
5.881781803262207,0.3552907600591063,0.5973163501752395,0.8924271944924452,0.2957623940328504,0
3.160515133513587,0.6227941261705476,0.6079307396419517,0.5614678612211412,0.7213865708786285,0
1.086727590342553,0.7468644796953168,0.5072022311548983,0.5376340725868918,0.6984602882766529,0
9.138454380389874,0.6845722471933641,0.6683628267482756,0.4614898222647441,0.42380760996268185,0
2.3618636159746362,0.4936430782278986,0.34877682138330085,0.2872720105429533,0.12459077375633681,0
3.5585122546091714,0.38834685567181476,0.6460609306026598,0.40765407496296824,0.6750656495604117,0
2.9961895052887884,0.8526899486484263,0.6761623369109555,0.2939532939176988,0.9579003645935215,0
1.9288828828456421,0.44025501845180776,0.568568980228223,0.5899640979993501,0.32391146899628925,0
1.3711942452937644,0.5620460419882053,1.0,0.5019097588047194,0.6163404153133948,0
2.0653604925324194,0.6645165562712317,0.6051021124696506,0.35036367109845445,0.9486356273096718,0
1.6944563278816294,0.39805937650394263,0.5970776521096025,0.21855155716143815,0.4050185131888866,0
4.227218921708457,0.818090089204629,0.6254701405526459,0.5048775527670916,0.3785866365757746,0
2.86779777672272,0.5711788906230469,0.6668825960944968,1.0,0.20586684542356876,0
3.449184066162594,0.2008585134280696,0.5703370790894596,0.5764134562565154,0.8568175854064588,0
3.241683929777808,0.8629287311628013,0.4702723219969598,0.5347839781313135,0.2378748991098914,0
5.482856504373367,0.634194588877878,0.5987274094055043,0.8966895165327884,0.3307938283832452,0
2.661665588780671,0.4542325087983192,0.37744484719137594,0.7233697279784985,0.46375721921779156,0
5.28068508854273,0.5879163233197487,0.7502092185134283,0.0,0.6991325702967998,0
3.5047110004394852,0.5448851375616012,0.19618481902217638,0.3763217172277355,0.45995786361511715,0
4.885753356418523,0.2285033530877545,0.5869267717064609,0.614970698562106,0.7220010317910084,0
3.6866570569136115,0.5276982345714113,0.3890067038294879,0.4530750208978598,0.4590045535614786,0
2.396709092415836,0.5492794921818863,0.3183270621614915,0.9258495754417877,0.7430197039266477,0
1.7095956214950725,0.5026362786519982,0.5420727715920762,0.41633431453748404,0.1565307689042908,0
3.889862302135607,0.41971639927711035,0.4532228331891357,0.46991317295142,0.6433165082084217,0
3.433973484287813,0.42129635392397147,0.7355680256162475,0.5642532812242712,0.6090903013499166,0
7.086742174365523,0.5259237672092804,0.6005873628530161,0.5341384840139636,0.5087424935879279,0
7.258796408813947,0.270842159561503,0.6682698483516801,0.3690024170643478,0.5070141227410547,0
0.6207892415544685,0.5333124060419279,0.260070956060294,0.3195350467186717,0.3291293781420704,0
1.152889554104965,0.19963423864965618,0.8635592262392946,0.33512499004995583,0.6655418858743003,0
3.5093117087710186,0.6531878435408199,0.5280901417061593,0.39899693126871827,0.7446134937697925,0
2.653204006361442,0.43364359332158925,0.31522400711820553,0.5005155677538295,1.0,0
3.8514953294718457,0.5592873096312299,0.7006608538155299,0.21243789701429378,0.8789294240138306,0
0.19491525925813938,0.6535318040938247,0.40485123736930695,0.5966916911192697,0.38381575488226904,0
1.6649689009787392,0.537295085076929,0.49485956141582677,0.7851740359556706,0.6591562792315461,0
2.4054037213234594,0.5933249950809238,0.34484946327194455,0.8252053496056513,0.7835016122720895,0
4.983536440036765,0.5679161362510499,0.7831612038416771,0.4988862550786939,0.5202440484133877,0
1.7466235571140591,0.4288278358482214,0.8938755812414594,1.0,0.3813355506876635,0
3.3483586506280605,0.33752129437062406,0.6356614194415298,0.5032139337488628,0.7668605990495699,0
3.8713903271494154,0.5211279176152116,1.0,0.27322388634999467,0.8554880991888634,0
2.7022450108128506,0.36269872504208084,0.4164440887062228,0.6230481820815933,0.5087876159505976,0
4.345531807666199,0.7290386440055465,0.677034360336394,0.8123881788298338,0.43224825345667506,0
0.16925452745504127,0.5231441675627392,0.654448736249602,0.34589900347473956,0.5921315265344008,0
2.7146674359361422,0.5017005108258443,0.20955734678399773,0.4342960784151223,0.4152071779069262,0
3.310619605358984,0.7450239466835503,0.5205885236995723,0.34362570080187216,0.47929511483634146,0
2.383477047355223,0.6924644319160325,0.28717082910895675,0.991663872322859,0.1460641627494414,0
1.2189920778139427,0.11942188140950344,0.7172647445991103,0.5578167193121687,0.6052872409774037,0
3.660204647257573,0.8749356916939122,0.47790531915908085,0.6778538752324885,0.6198438256408398,0
2.6411316720016735,0.5177428576667982,0.6308101713629077,1.0,0.5884071188230047,0
1.9905827700842804,0.26866778063035557,0.8182623839400269,0.32905555278393295,0.6762727310243687,0
1.7552456965480088,0.7501164636085957,0.41587595818467105,0.8981163250160822,0.4949897667882304,0
2.356480571350226,0.8839809008702812,0.6289343059645962,0.25102923449120396,0.647812587008431,0
7.004495141066136,0.2913716912482705,0.6644780622351352,0.6626508532156348,0.13864040530292393,0
2.0992982814217935,0.6235298585982844,0.1299946984696752,0.706377004207759,0.7447509262575781,0
2.245902032001457,0.29897292560532107,0.6072389518096044,0.0,0.02718477160567001,0
5.238060465231723,0.6273617041378405,0.7681960850371934,1.0,0.7752161001435359,0
7.397999195425506,0.3743473494353067,0.5699773908818426,0.670186144941996,0.8792762896381159,0
6.30319844968266,0.6192976951795985,0.12981622770961643,1.0,0.35835057191174635,0
0.8598880163905506,0.39443666248182496,0.4776218057533993,0.5326025442717475,0.6567695192432997,0
0.651985895419862,0.7322725444349444,0.5711507582542962,0.8659266694136671,0.36381048495753815,0
1.2375933001504515,0.8202145784826279,0.7272382377169592,0.5343401056681913,0.6034871608728365,0
0.4073068025895469,0.5787175873010321,0.5048686593563864,0.5285979776321885,0.8816793829610106,0
1.3147990921234274,0.6242291746742619,0.42920296265683594,0.571647446868225,0.5157510082137425,0
6.966191460950175,0.5422983060998586,0.22340954389160333,0.4068078938628686,0.726109613188514,0
2.4317187446734274,0.6234574626802681,0.9176367353590246,0.494133504407037,0.47315030485399656,0
4.311064522711152,1.0,0.5496526953448609,0.4930280046123345,0.7686645465667634,0
4.28519456952845,0.56571540594383,0.12425318111703759,0.6645420286971747,0.33446133056230254,0
4.590488059773952,0.04355078295606296,0.5873524109696481,0.6681657640191784,0.8534157694034495,0
0.7000281111015316,0.8211145871420698,0.4707367266863168,0.2672749268764342,0.3627441091450647,0
4.120962608555201,0.3524253318198502,0.4927662726624059,0.021283426245752413,0.504015358076701,0
5.1194067148384095,0.43202104870742186,0.5176888032748224,0.3937808955586125,0.3343103698444317,0
2.162946242705547,0.5645361048658684,0.467701371087564,0.5276914614446379,0.5417344581045141,0
1.94688564953555,0.5473005550524133,0.33845781420881993,0.7556362280257973,0.28141439700637516,0
2.7995564997131224,0.703248595008102,0.20553132862604284,0.06667748208360674,0.785211738065901,0
10.87951329352239,0.0,0.34512247173314203,0.48685796215170996,0.27548769996773315,1
4.002862811295813,0.33195831864011405,0.41483720579333616,0.1571054803302056,0.37536696471582676,0
2.393858120221258,0.5765939348293753,0.4099758370121654,0.8487616572312107,0.2148988809475696,0
7.203557122644607,0.4845965364780458,0.5073086441299124,0.6740497968408291,0.43223032323511507,0
3.1158347061159715,0.3496759980210169,0.49377994142280907,0.9994216317123807,0.6909854294787422,0
2.4199545668517355,0.25729701037357633,0.018964790487306038,0.6363794859721916,0.46298638065233555,0
4.242006188817154,0.32046172203686657,0.5389603531425248,0.671219670383033,0.18721264422315265,0
3.516829276543892,0.472937280627648,0.1705246035022685,0.8701351904193659,0.41467059089030733,0
4.635135925519912,0.2711009862281477,0.7607783104591767,0.2513692650584913,0.6128767230948413,0
3.755717919030177,0.5852379645005386,0.46875151022609446,0.3957922807194323,0.676698976125114,0
2.169814747249309,0.5107066833143806,0.6186134017851871,0.6271125270828788,0.40341747588782056,0
3.8787183504502654,0.9246595552435092,0.7660096131429297,0.43816952608531223,0.8318235995817249,0
1.8465611646502789,0.7583449328117703,0.6667088606023776,0.5176206882841399,0.6775686027649291,0
2.5024058098832245,0.5556362314738257,0.5481762006711594,0.8214738914578945,0.6544336112335897,0
1.0509794030672202,0.2859086773831448,0.673528169102229,0.8542676992450275,0.5997834192897525,0
2.7604287722030763,0.698837142063007,0.2483624291292143,0.26075538121442704,0.5449345320217698,0
2.774502195870826,0.3797187131479373,0.2698652017762874,0.5535830149610391,0.6418882136664331,0
12.250271798475326,0.6840961234482426,0.33562855339196895,0.16156030849598396,0.7299357247655064,1
1.6759756719176193,0.8561501664687395,0.7937523703394633,0.496639282267448,0.8779597501069896,0
3.3522339177315272,0.7408003526986405,0.6802782502611596,0.47118268883991365,0.7169732285085189,0
2.810600047261856,0.625881079521022,0.6086549930520629,0.36430628886782274,0.5391749184418589,0
1.9209201079445786,0.47496072393521266,0.4864569806487532,0.8704109487509422,0.6726920333595274,0
4.019370982713849,0.7590176948169507,0.9037543566518842,0.4269641212009994,0.2521159611303512,0
7.440467371205814,0.9198724282772763,0.33852042845122055,0.7074952100868837,0.35876448185249843,0
2.510041840966223,0.3954862502487519,0.2208814771916372,0.9263862979764571,0.8062083636644286,0
1.38206672668175,0.5897360019094814,0.7855089449539172,0.49685534300285805,0.43540999366681166,0
5.269463699443784,0.3213990174539033,0.39567433551662434,0.6241570799190439,0.771131366121164,0
4.848687067736565,0.38314363799307505,0.31649315693746083,0.6801382644331069,0.6886327308141296,0
0.6776871442585078,0.4523452315096911,0.6766653652142478,0.5556577131692173,0.24077612815161697,0
2.6448683263034862,0.6074657808806019,0.2393735893262341,0.4746256591197816,0.6048193077770575,0
4.239364087825516,0.8067633719707124,0.691437237010019,0.7947963588974334,0.6902982893800216,0
2.2972804580943156,0.39213229885606515,0.33774129365770367,0.538633755967749,0.6540417585956091,0
2.523903133912879,0.7200158664835107,0.6335361504478801,0.5768610935852232,0.6352217257392578,0
3.217010699682265,0.5986678898645384,0.40782561391775185,0.3827197297218393,0.5663253670360342,0
3.2125125950928446,0.2335646473307746,0.5534910930505312,0.21397429595439665,0.2961787860406572,0
6.915642111060107,0.7838591180891346,0.4201617350192641,0.6701405268526869,0.4685288589085948,0
1.7211443733402652,0.3399718520795709,0.7014990298674971,0.8926340359991785,0.7029446380184798,0
4.904294061958391,0.6223322122494034,0.69900611258256,0.909861428788284,0.44889923294441364,0
2.7991759857165506,0.8286909055048863,0.6921098204595572,0.6573352057004336,0.6335207226449124,0
2.771910121751677,0.6892412729626838,0.3465615658909219,0.6791673271620308,0.3741956744184417,0
3.269130670064562,0.7135532598400575,0.4199173930580013,0.6824232832263607,0.0,0
3.609755991056322,0.4367210817570554,0.7163233572360808,0.6023675209119432,0.33340250889396705,0
5.694779854888572,0.3655669351644749,0.8271806642582198,0.802150737462209,0.19091202252572592,0
0.7369422523438828,0.6528509512035671,0.5280460992367716,0.6743713143264145,0.46521566794445257,0
5.92583420638183,0.8575863836825106,0.6811202855099017,0.16586909626405422,0.5027197218669829,0
4.248304009666985,0.29977728472293946,0.30169975381017555,0.34592364773628864,0.8394686318220752,0
7.323517974111468,0.506463759354556,0.769755370397438,0.7563540872470075,0.7289721199201405,0
4.675940911038372,0.6681309661384619,0.7717407161165816,0.755120545299341,0.6616002868436055,0
6.0025618711004665,0.4265493626906154,0.2901766711397866,0.24444704783176968,0.7828055503276596,0
5.105503712713288,0.6860440720953382,0.7570257832353466,0.6613911453193725,0.9589750927775524,0
3.5004950221740256,0.5744595006064568,0.6586596058072777,0.5622150175814261,0.5589301720648542,0
7.904176233771629,0.6671808402329299,0.40264597281047565,0.19618320201895317,0.598077489330408,0
3.971236360891943,0.3986472045968148,0.6658837965797939,0.0,0.5416091812028373,0
4.242087878779844,0.47298354391673675,0.6664245589426079,0.7719371148983394,0.7467531126239275,0
4.23602138363484,0.5477815992102796,0.5996547865822892,0.14360015833513712,0.6134504527175336,0
4.847828416751729,0.6527571901824418,0.5547863628931674,0.7679784972030983,0.8662183922333759,0
1.9794502642202894,0.7294132393774265,0.8049750082557445,0.7128804978348765,0.2997091525065404,0
3.5399656320475192,0.7006683242209065,0.6262316769765556,0.8724381885206864,0.6980998972793909,0
1.563228015670555,0.7400615183947152,0.892122674516385,0.5238876953656322,0.5128592208981977,0
4.836119291371255,0.937030808012046,0.3705016873665581,0.2219543806180544,0.6605972761901165,0
6.682023503585667,0.3570589148498571,0.8756937109544645,0.47890383759837274,0.8999280559759271,0
1.6785443204797021,0.23460070356180057,0.38943511120983154,0.5315067841014055,0.5333535670483174,0
3.566849096631279,0.8455060162110524,0.4636408422719588,0.3284893864170817,0.3644826670553767,0
5.98458778343328,0.6845147402405463,0.9299763869790432,0.5168415634043566,0.3356035529724589,0
2.1473820841912468,0.6187575763099771,0.5402695296859098,0.5581992488528966,0.38313102636598473,0
15.040581655438004,0.4438262454159359,0.8147749607574427,0.2670459644668261,0.18933282111390765,1
1.1673810337393455,0.714031637351097,0.5092545743916804,1.0,0.4728437021828309,0
2.291553135740236,0.34203869379462315,0.5739197356434899,0.39114422329106124,0.9205566735474959,0
6.538967581445887,0.6531256176887914,0.47490122272955654,0.845588211022946,0.6559924157294825,0
3.0408432084167853,0.4228884317191194,0.6583684178672635,0.9602898847728933,0.7984841896556683,0
3.776921211681245,0.4274422619031228,0.4724596880128032,0.6214663476812263,0.6235804937971455,0
2.1011373484433338,0.6765863635511022,1.0,0.784459575391661,0.3651757827116656,0
11.46073682770246,0.2728024115202004,0.7904955495306016,0.6292867461776188,0.5399105229388153,0
2.5277457971975656,0.7913216309727831,0.2445664286820705,0.2862276579558263,0.5777789019714951,0
5.934133306421402,0.5317200884981772,0.5338243004269078,0.5630646226243708,0.31666688539274784,0
5.164620957119815,0.5502410950724449,0.3865822737863619,0.7148114171081013,0.7562654302778429,0
1.3485153330260768,0.1574748616654842,0.48347253632980824,0.6728855302193274,0.4316318065097671,0
1.2159075274310103,0.5070157939422529,0.35711914907766157,0.4424608411020408,0.5609072745066355,0
6.624118908722594,0.45124868336773755,0.6797848421013992,0.2020009157029975,0.3655547519540653,0
3.794255552506309,0.5132033327294642,0.2923105240485351,0.5752043555635131,0.19148954308520805,0
3.1130768994705824,0.657525980589976,0.6356372495621153,0.4800016745313801,0.26861323803164705,0
4.421411225288948,0.5832904416426112,0.6484902528016299,0.6222921609769546,1.0,0
4.056805641972451,0.1600876564491266,0.5363721772425287,0.6075252933674659,0.06796370403577384,0
2.702930064702335,0.5153856351432261,0.5531158095162936,0.2759312282761996,0.23318880582925527,0
3.183600818796768,0.420807164175093,0.3901615986699493,0.42931411945449194,0.34026770618308333,0
7.602753634321974,0.36925962785397437,0.6148718563443206,0.2552400522100494,0.8112894654615441,0
3.6127012097655027,0.6800900185072278,0.2493839396480364,0.8129869044307296,0.3304266619908292,0
8.15662743569123,0.6115603537784119,0.2079663214686749,0.2129536444735718,0.7135181006849973,0
3.2048297102923886,0.704339742129669,0.0,0.8371914250930259,0.16726296866881812,0
5.116875576993542,0.7206831117560616,0.49946286239980725,0.6480211324252174,0.5084427286874155,0
6.033404622131367,0.6340188980903683,0.6713701186431342,1.0,0.30120454422829857,0
9.042184517065497,0.6515671512579249,0.3792526930630177,0.6398023501144603,0.6725005849704997,0
2.773129139078611,0.36515337114633917,0.4214485394102884,0.9753802676051837,0.30618335840048294,0
8.499822144733091,0.8759284262225597,0.4754648832096051,0.4893253130436796,0.1341977623397526,0
2.0570044486263535,0.5744019629290723,0.21208855478434602,0.7967805500321776,0.47252194360809013,0
6.6211223340666985,0.5960141518382804,0.6495486178182789,0.7164810630136154,0.6427490543351803,0
5.790829500523351,0.46377488608498024,0.4370036177935849,0.6558030936142545,0.622926757644787,0
0.7071603845333321,0.7636758667388033,0.6708241779177037,1.0,0.22452227090926075,0
2.7143050932297768,0.4423904483019723,0.5180629625023401,0.6575164217938296,0.7363282303893809,0
1.0780089711492797,0.33153744706548427,0.48671831006103966,0.8532744249947959,0.5811777210007791,0
4.243223940811744,0.18922744148752701,0.314795973549448,0.4661500199052929,1.0,0
4.1185693332474065,0.39088858641182356,0.6348787875722026,0.8698796674400397,0.06229985534210586,0
0.43386141837148445,0.840655095208509,0.5343538681882964,0.0895255567605357,0.7462548719409785,0
1.4952645160804834,0.6781085870149548,0.5746156403312362,0.521717986871065,0.2641724000419187,0
2.2282194075882806,0.4783319695957556,0.4204916388729682,0.7360479928749842,0.5101306818920174,0
1.5927076143944023,0.6606777966148853,0.7227893274539738,0.5470691241977017,0.44861688524471216,0
6.145491664497711,0.8445341351501965,0.3323361025941893,0.23015737603678876,0.5261095464432624,0
4.48203692815073,0.31601663285794246,0.0,0.543121273737341,0.9398953512673438,0
2.8947313863393105,0.3674378161406974,0.3212881080469,0.6854114219626481,0.846261554915586,0
14.34502887862184,0.6365919650721392,0.5207826356936641,0.40176836673799454,0.38786304030831376,1
1.8020488703769304,0.5038950749639499,0.6303121216775438,0.6670788962347847,0.6643997966755184,0
2.9262965024145466,1.0,0.5618436868028976,0.5534823229782366,0.5446924808357994,0
4.593565800182778,0.7881292549572683,0.6499053970190818,1.0,0.32032597520038325,0
1.649829683617716,0.7413406372771317,0.724725700414906,0.5423993083673754,0.7539107148654308,0
2.5124914708331936,0.4496431614376937,0.2755068904231799,0.6307436259044171,0.5365791261918157,0
2.8995836941141193,0.8822940331456037,0.6574181666122287,0.5629065941778021,0.5047399300178459,0
2.8223858105541684,0.27662426031691584,0.5050469196214633,0.25747174348516016,0.1535643037323957,0
3.712933056782264,0.5514356933815885,0.1327044683257831,0.5901224059933701,1.0,0
2.817374719986884,0.35256409456976323,0.652384818205855,0.5079229415094827,0.8198091316514846,0
1.9393096140311736,0.34412569836358575,0.27946594283129317,0.16941020344552726,0.7947914424977836,0
3.5606506635350286,0.4006153429859665,0.5000380200631509,0.6296991727897335,0.5990800695131768,0
6.41697101862652,0.628092969985778,0.5293556494135008,0.6163405873499072,0.42179309532545195,0
0.8485811792876001,0.19783823760384484,0.7833097181954012,0.4067505487522636,0.5898456322464334,0
1.8319971127802723,0.3528392382664347,0.4931689804142406,0.8486907154692345,0.746822381266252,0
4.165742179670989,0.39964178998096317,0.8118945792701426,0.40796441754141644,0.14723094135312953,0
6.039407880963166,0.5031960281786038,0.643271674889267,0.7968336291472755,0.5332907747986451,0
1.0919501346771854,0.48738839389536914,0.5498582810846708,0.23739806650757067,0.6829933717981808,0
4.072500040457358,0.6143395612392027,0.448575387988682,0.4909113157277511,0.28865918209874575,0
6.0053267949552644,0.27849649203161303,0.6141753022369155,0.5088597575943316,0.7179335132054528,0
4.042495316921285,0.5018669650939575,0.8639732872519934,0.5671592621069289,0.40936927651837096,0
2.9361664385615565,0.942517438106159,0.5507391343695696,0.8028657588520891,0.845124701416794,0
1.8762807264020152,0.5210962658568965,0.5713574386948348,0.5163078552212202,0.5566419731862342,0
2.1333570900160255,0.6216907236419241,0.7008166340580945,0.27043146135868024,0.713429085506991,0
4.213716605468715,0.7936389423508512,0.7614736610756451,0.7680492500182445,0.48068091913729616,0
0.8405619781871515,0.4424708484440367,0.6810807659700475,0.2824521092764171,0.9281889348252006,0
1.209694987373961,0.39418145212465994,0.5906471909172063,0.43559168766559625,0.5908514876921226,0
6.567360005130138,0.45424828569566233,0.6218951595094252,1.0,0.3924704440193152,0
3.463584219489072,0.5958149376411406,0.7648636025431124,0.6060849141945207,0.7488838620474892,0
0.45645312334965327,0.40367365221829443,0.9280881370311567,0.5623270828800557,0.7191447287131574,0
2.2317531290457375,0.3100604943269384,0.08677122740622467,0.7645035488255364,0.36779681994764846,0
6.6781572379622425,0.38101171228130076,0.37316830401124645,0.0,0.5631489242221223,0
9.757081651479066,0.8546477243424517,0.2059108779526575,1.0,0.7519528875465997,0
8.251280752392256,0.27683516891691223,0.5202061380465407,0.6756961067237985,0.9451993810439321,0
3.5371145871369447,0.3777431597343473,0.461899088225295,0.945509545740945,0.46462477824456894,0
7.4927020877441,0.4186211442057209,0.45971806847987223,0.44098662808753014,0.6121595757434946,0
6.972051883162939,0.26039721991675124,0.11023880867598362,0.6600036125133332,0.43954807064242557,0
4.6730869037539025,0.17605166006091588,0.47229584496339816,0.5976059724812645,0.6488281186827076,0
3.467712901427623,0.7666102486350554,0.7607604104069806,0.20558265801072728,0.343678491218673,0
2.7860650139740546,0.7597414252833128,0.8810814226176591,0.4291096290383658,0.4153232782259395,0
2.79473737656195,0.5553771677989062,0.3747362664051638,0.5594150582919845,0.49077905103009445,0
0.618070431589427,0.13488239818429337,0.5327860614418214,0.512419884932032,0.47812683309899995,0
4.31083839069102,0.6195123227607104,0.5673395398828793,0.6389172371408074,0.5921470271626997,0
6.435173463258889,0.4807146987986201,0.22768652817943447,0.4843351199209581,0.47599487200955004,0
1.5927476149832314,0.6308425730554664,0.693174548938192,0.6067586197162222,0.4787050014540266,0
7.34905191870024,0.6008841686602426,0.4310967894551502,0.6970821296151606,0.4799347276569254,0
3.7426123472954584,0.6235239680419422,0.5796178839596553,0.329732915834677,0.39331143199720886,0
7.9506674756816444,0.8623022393453705,0.3117419721424388,0.5656713492217184,0.5695022734275628,0
7.150014348927646,1.0,0.7860981755945923,1.0,0.6946202919457056,0
1.2253618325010078,0.5843678679587063,0.6606502439969568,0.25610134859378714,0.35308463469914697,0
1.6903692956259668,0.4755361894124155,0.6374626374077922,0.5962938842074785,0.643597870120518,0
2.309400403725394,0.5726280914106046,0.315346088799214,0.5238020207763181,0.48619176328659813,0
2.0092256256504313,0.6139563868285074,0.8294829406120745,0.5312139582974958,0.42262808385728245,0
2.392317526474621,0.25976486198968823,0.5475822104307891,0.23690163889672028,0.6299990141774929,0
0.5679958517605974,0.414487069532869,0.7227193318493181,0.6949108073306618,0.44874205165166897,0
6.478432191452564,0.6424967248133708,0.6447868198422703,0.36984348560230806,0.8841180375976947,0
10.075425694799296,0.6616653825043446,0.5652010782824823,0.6846889981115923,0.34745180952253946,0
2.1160548781086073,0.5721845179419732,0.4299492299788177,0.7868599552616597,0.6140274802776802,0
4.552533403310045,0.5578894096481479,0.2763462122548742,0.2366760931741838,0.0,0
2.1726883729837065,0.44704346501705167,0.598706040837269,0.534899067700773,0.7981116551394577,0
0.4880485927463636,0.33973801767213113,0.3139432792354257,0.6158866851445423,1.0,0
0.05172097025090436,0.47503558867563883,0.6846264041379425,0.0,0.6054768171046266,0
1.5952480704626923,0.6153854747528326,0.5061798942382272,0.7573513952958724,0.06355023201826532,0
0.5582865966588556,0.4777074466612029,0.6332892076202906,0.5365237877485652,0.3338932123169909,0
1.3585928113298944,0.650133144276242,0.5599547374361921,0.5517657896570441,0.4047293493158417,0
3.938551405745147,0.6516537279349179,1.0,0.028971765125352933,0.929433262947444,0
13.81396430864914,0.35369826979040986,0.6424206948526542,0.5997649238933676,0.4179522870250652,1
1.2623753096584476,0.6464944830486371,0.5251735222236681,0.7350852044869347,0.4504583088841728,0
6.5651122311189205,0.48503372329827554,0.45915114496934756,0.5450161511885475,0.2955162704885713,0
5.249207335814118,0.6359236438265172,0.5915375374326223,0.6178947092988434,0.269115313319532,0
6.0349553395602,0.6086144946597363,0.4071297163947265,1.0,0.6542432426005933,0
6.081805197469088,0.5659602968117466,0.514036673723992,0.5904454781503146,0.5867481401597981,0
3.73211426642824,0.4825828057763922,0.4372701945147315,0.447267210925204,0.4692106724899016,0
5.421428826304333,0.6287594596432504,0.16446548413087803,0.4802791514623109,0.7359347536605507,0
5.081972057707941,0.9547212438459279,0.5513599689119996,0.5024902412496264,0.47136200698170605,0
7.43512918574623,1.0,0.38892563458993124,0.6991105848901678,0.6096143985461624,0
1.644428030240362,0.2900837526144805,0.7159464835758349,0.752849138622898,0.297382076474424,0
3.716493591503872,0.7199223977032427,0.4417749254930315,0.8167175220940102,0.803248469310802,0
9.495227729048011,0.5708711875046426,0.7058547774788327,0.4773562242256595,0.8604311982330293,0
2.1051408060259447,0.5205949153138301,0.5031330177915874,0.751861179502088,0.48545078651475015,0
4.913689393118699,0.7957961004978125,0.5216396750007826,0.25402870598687516,0.3927996581364086,0
0.42107607936957164,0.756368907893727,0.25288792539260563,0.6167625664673148,0.7457187750371562,0
3.0603278680021657,0.6303423444197883,0.48135975267376646,0.6644191136072097,0.5653235861941535,0
2.025874679538956,0.5747095391911166,0.7879030085330084,0.8427801577584818,0.6728241684462754,0
5.203444499227704,0.47588344751984346,0.2803905776119666,0.3713298307523921,0.6646815791030393,0
0.5462438565236011,0.6486635801761779,0.5869672247389748,0.3354105549546966,0.7040681734699782,0
0.46842715779269406,0.35824430876264507,0.2794982621118556,0.15410290255310505,0.6408597606703155,0
5.074013380267932,0.1684384884245218,0.37792299784409966,0.446598616644589,0.9652912846148419,0
8.659385314749828,0.7418541652170414,0.7900823096826797,1.0,0.5255949741615078,0
1.6512634690105255,0.44964859128309276,0.6502896663049611,0.839546663233007,0.6065657114123815,0
5.16216349366947,0.5873218246312717,0.5851091659781017,0.6521280870943565,0.5089980732401199,0
1.8065336524716733,0.6859195497869353,1.0,1.0,0.849955808009375,0
2.743581894482879,0.49003236074502393,0.6023900698682627,0.23622306268584115,0.4727368356031717,0
2.888921304761209,0.8245696949353061,0.43725996498841985,0.5292415991268068,0.5058351840183699,0
4.866509416975514,0.4856729897565235,0.9653495967121682,0.6454838630578884,0.6446091623820354,0
0.38079737099956945,0.6248113139695145,0.688999580155375,1.0,0.49269031637348104,0
5.659080657902792,0.672074053086693,0.19246567761364364,0.24485747392953644,0.40277539980013316,0
4.193657117985295,0.4716702865156418,0.4169029170619569,0.7682923576733665,0.5225840848381715,0
5.770917815777258,0.5752759159092824,0.937785799811657,0.29991716884860636,0.4008961064845327,0
5.522368321650474,0.8424391877435274,0.6397271529029055,0.7904967972679603,0.49785736659722196,0
3.4122118254794827,0.6299375903505284,0.41972862124163424,0.41784582956256083,0.6790000841261206,0
5.125380236499199,0.36033039915515985,0.24481405624548086,0.704468700116142,0.7797930769735614,0
8.428367508278141,0.6895806545078056,0.580174042655507,0.5205314838546011,0.6283205784295058,0
2.5191881731263863,0.6478509070152656,0.3748552829000292,0.837111489133431,0.27423932509047266,0
2.061124525947304,0.5299691847040094,0.5092652499646069,0.3305043533108598,0.3680863221112308,0
0.7353495298469681,0.7545140864019281,1.0,0.8960682046276296,0.6740600064115192,0
1.1623347574976732,0.9193273992095332,0.33598304673476953,0.16861870726881534,0.3977802246261263,0
2.4115842366955995,0.7300797176790128,0.6402450638637017,0.845873416722482,0.2908310091771963,0
2.436964899206213,0.6000400412503389,0.08816325374302691,0.5892634013503627,0.7880272531429868,0
5.668664159717444,0.6058535676433052,0.4707707820125357,0.3581220883081412,0.7180134974865704,0
2.5897216893767414,0.627264663562312,0.5091057558027757,0.9888689245788725,0.8960643395472685,0
4.109723300828973,0.32490219054032476,0.5094307560659695,0.5617288587375647,0.9420759960779373,0
5.518516918650661,0.5962891845051145,0.6792979075451542,0.49608309061309197,0.35794856010018594,0
1.0821157225794644,0.696152823813305,0.24474580065555762,0.5581438943521405,0.597058851004326,0
6.682439993899475,0.45610512281300963,0.658512008717193,0.4341455767968845,0.44753945421454355,0
7.373836214435309,0.4954910557276382,0.6121716381589624,0.15533119952425273,0.5032496997679438,0
3.3346246624153784,0.21628014822436098,0.7617457059767758,0.5067995656508839,0.7198224340640685,0
1.9744297684597771,0.44389977047789453,0.43483635187106406,0.48123707571208907,0.04357734375817135,0
0.6855961188693109,0.6600104198049104,0.35633110902727294,0.57634387653649,0.25651439111799507,0
3.8007770008663844,0.6270634759457674,0.5961907445890267,0.34776577715240975,0.7826331719497228,0
0.803901861594276,0.7238309184993794,0.4588920947952259,0.327689792942919,0.7601661228123057,0
3.533320269857536,0.6985364836719445,0.8334040825963254,0.7203348757964023,0.5839540711541703,0
4.5226623339066245,0.5667653255858722,0.8320918290407009,0.6524406989898743,0.3605606597618145,0
1.7285542464078152,0.4842763048502031,0.6706374862164687,0.4139714994714519,0.5141855606640953,0
4.049909709717704,0.3691366749791183,0.32217165428202355,0.6169356664258153,1.0,0
1.4990106943506074,0.41924673227023607,0.5980942498660414,0.0,1.0,0
7.432258138601133,0.8372670811411957,0.7830064209678915,0.23860152209636132,0.11659989980784774,0
1.9362215230683943,0.6363845089347882,0.6894205711816546,0.845613456651326,0.6785907075462481,0
10.050049452985714,0.47693568973757827,0.5869360611729817,0.21321842761757592,0.3362449115276567,0
6.8145678803706895,0.5060656224324976,0.6214225143023493,0.9194735111853791,0.4359805519797976,0
4.071716167088343,0.6517450046459868,0.7342495369820691,0.4144069196403011,0.5818708862246622,0
3.754504164243669,0.754706128837069,0.9707346206123442,0.6990992672794134,0.4426414704344105,0
1.9220711679983513,0.8142608064546024,0.599502383315241,0.587601359544041,0.5721144207917956,0
1.4787219854134461,0.7088529359243655,0.29914211536615015,0.6233894830416573,0.2515520029828509,0
3.675158628547192,0.41378966850502386,0.42307899294132867,0.798938059170339,0.48908225524479687,0
3.3179819671845965,0.7068005558621496,0.9052174560760129,0.43480624656708683,0.38069627614367274,0
0.36594784618545056,0.5790127491918764,0.5494499517931636,0.5552650495910899,0.49976556623412277,0
2.2888870982959393,0.5862853240227943,0.47411910020283166,0.6330163122911017,0.7438603354692415,0
1.022227097885944,0.7860256347483056,0.7788586137119878,0.20303286238604956,0.718049277359353,0
1.5176362876479097,0.46676111902294926,0.3239861321919285,0.43749678550104665,0.8265728277097661,0
1.8193522373935138,0.7492095371611633,0.3986409822861079,0.1945473333145391,0.8802934034302071,0
6.166326379163677,0.6942270725091164,0.29049807200355393,0.360535950998531,0.5554686508252793,0
4.607549505293549,0.40336876057800075,0.9303118510227342,0.6112048434736349,0.5744808889717207,0
1.9966152207077619,0.6226231255489048,1.0,0.8631539299048894,0.29696214673083476,0
1.8545993424048777,0.6965280154431159,0.5338566839782836,0.5696587975790227,0.11039584940293634,0
12.878197599502384,0.7364869741909335,0.46697994220732614,0.725175153030146,1.0,0
4.523350684577433,0.6426577060236213,0.35394776474049805,1.0,0.30729979339218877,0
5.338658195464378,0.5620171989230328,0.62766240108469,0.8623762251765397,0.2567889725544771,0
1.6660908913152246,0.7493141021158896,0.4567009241543605,0.710119948800206,0.5080893166804815,0
4.517232635444629,0.4372550894392051,0.463339318619488,0.6009556818818669,0.6730040245751961,0
10.586438789635382,0.4829724437657097,0.6184675668979244,0.9385401051786936,0.7378747148414893,0
6.6698398365031855,0.2990154663995415,0.8744386203098858,1.0,0.37992163977449417,0
7.581078492341216,0.33466417450579733,0.7374133750204063,0.40272744436714975,0.447547047173856,0
7.66174003771876,0.5542543153472124,1.0,0.8188582657762595,0.13218119465859718,0
5.754588888103323,0.83055886218722,0.26962978744154387,0.6967142734500676,1.0,0
2.856326853388527,0.4861892128666764,0.39079482863930226,0.8190017846496496,0.5546885627078273,0
1.4959454856774737,0.8538567847283538,0.7716675373274301,0.6991956949187441,0.7538532117697696,0
1.3306886391489505,0.6916712894598707,0.7743706378853698,0.8776359561730533,0.5010691887397756,0
4.56764618819814,0.6886211214526289,0.6258964114331016,1.0,0.5318174872915985,0
4.487130556473623,0.7716365633475033,0.34201881457489386,0.7031934762656424,0.3182485761017957,0
6.169928261451898,0.45958193343338394,0.5192347945603267,0.33176758081510854,0.545655199422382,0
7.130882360140575,0.8396998459785854,0.8540678474619006,0.4263047635582792,0.4852617282054176,0
6.786879665312077,0.20922568263465624,0.36510680237408916,0.9407221921270494,0.48972152199755314,0
7.159702096873727,0.7395052924245716,0.46800789922944536,0.36323048017458964,0.8019856214804177,0
2.2117074619286554,0.45048550033815726,0.5748090236853441,0.3935288672746289,0.571061883450644,0
2.7375123928845015,0.3813506809367617,0.6348468519423798,0.5858347919015577,0.8753973741492673,0
2.439383969552433,0.5252542107450329,0.6614608587560974,0.5164637059333856,0.6387631619837418,0
3.9995475908543776,0.5430023019006077,0.904160127127102,0.39325823555305817,0.9487386827593244,0
1.1253637227320743,0.6475120594173438,0.6057983589496948,0.7654542008047059,0.2751330553269039,0
3.9794474821674597,0.7041730387773935,0.5830388760241154,0.6922341686174105,0.3575425229761657,0
5.404576305526844,0.22981920430469693,0.38430059504395087,0.5241863099627382,0.18849846154608324,0
1.9198011966337025,0.45257492324706083,0.38428324579625295,0.41370770016703906,0.0,0
1.3492205056665667,0.47589838028199427,0.26888659616427163,0.5539045834874008,0.7485009782330624,0
3.9602076007209717,0.7846249275173283,0.6239284384396189,0.5231744639989429,0.6484977236782611,0
5.028838302559774,0.8756793246257077,0.32984414343266305,0.3721753438098656,0.42095590249620196,0
1.6468002337696805,0.3466633742847006,0.5011839052651598,0.5401731780930923,0.5204107074316189,0
3.908402806238413,0.5306573776259216,0.7443645380345472,0.5422604373408567,0.47614268396495446,0
4.262640761186503,0.8402002876262673,0.6729682794605947,0.9946637816345621,0.6945283647113414,0
3.2445088008630125,0.3162643924760936,0.7034593677412808,0.2625518556264104,0.3794260566894723,0
3.071114497043319,0.6286614100010648,0.5970635922878199,0.41497422660030386,0.5773144500136868,0
9.156582318623249,0.5731349268585718,0.5839945805814617,0.838311296607114,0.7758475662414572,0
5.101499199423882,0.39190510891093766,0.6442936714271992,1.0,0.8459924101540952,0
2.7820959363727735,0.6234731013632356,0.48923383040275686,0.9420261986795525,0.4342628329133691,0
18.217629057228912,0.7989359161473574,0.7597939885182341,0.43329922032686774,0.4030244565384905,1
5.965179879255346,0.4960250129413258,0.3542472568435385,0.43892668498097215,0.6330061084698675,0
